,task,method,views,session,code,id,order,hist,guess,bonus,dots
15001,dots,history,1,huyygtho,hft1jspx,2,1,[],3256.0,0.0,1097
15003,dots,history,1,huyygtho,dhhqftj6,4,2,[2],900.0,0.0,1097
15004,dots,history,1,huyygtho,ge5yb4hm,5,3,[4],742.0,0.0,1097
15005,dots,history,1,huyygtho,lgxamt0e,6,4,[5],400.0,0.0,1097
15006,dots,history,1,huyygtho,1idasfg1,7,5,[6],410.0,0.0,1097
15008,dots,history,1,huyygtho,6lzgy5q9,9,6,[7],1500.0,0.0,1097
15010,dots,history,1,huyygtho,8ohw7ozm,11,7,[9],1200.0,0.0,1097
15012,dots,history,1,huyygtho,trpxstg4,13,8,[11],850.0,0.0,1097
15015,dots,history,1,huyygtho,qfxioply,16,9,[13],1000.0,1.0,1097
15016,dots,history,1,huyygtho,s31m08hw,17,10,[16],1100.0,1.0,1097
15017,dots,history,1,huyygtho,6w8sigbx,18,11,[17],1300.0,0.0,1097
15018,dots,history,1,huyygtho,6kxnugru,19,12,[18],1195.0,1.0,1097
15019,dots,history,1,huyygtho,xng5vikr,20,13,[19],550.0,0.0,1097
15023,dots,history,1,huyygtho,lmdo4o36,24,14,[20],1100.0,1.0,1097
15025,dots,history,1,huyygtho,1h9fmy8z,26,15,[24],200.0,0.0,1097
15026,dots,history,1,huyygtho,4s1m02xk,27,16,[26],980.0,0.0,1097
15027,dots,history,1,huyygtho,428l6cb2,28,17,[27],980.0,0.0,1097
15028,dots,history,1,huyygtho,sj2ag7wr,29,18,[28],1100.0,1.0,1097
15039,dots,history,1,huyygtho,ycvy8cst,40,19,[29],1200.0,1.0,1097
15038,dots,history,1,huyygtho,ggpstjfk,39,20,[40],1500.0,0.0,1097
15041,dots,history,1,huyygtho,srmztzus,42,21,[39],2000.0,0.0,1097
15043,dots,history,1,huyygtho,1i8ylau3,44,22,[42],1500.0,0.0,1097
15044,dots,history,1,huyygtho,d081ljz9,45,23,[44],1300.0,0.0,1097
15045,dots,history,1,huyygtho,02phxtkq,46,24,[45],952.0,0.0,1097
15047,dots,history,1,huyygtho,ejpm2k2y,48,25,[46],971.0,0.0,1097
15048,dots,history,1,huyygtho,ijzu8fwy,49,26,[48],401.0,0.0,1097
15049,dots,history,1,huyygtho,y73fbmkb,50,27,[49],512.0,0.0,1097
15050,dots,history,1,huyygtho,wfmgbhs9,51,28,[50],572.0,0.0,1097
15051,dots,history,1,huyygtho,il36wt6r,52,29,[51],631.0,0.0,1097
15052,dots,history,1,huyygtho,87x2u8sf,53,30,[52],790.0,0.0,1097
15053,dots,history,1,huyygtho,hpb76a9v,54,31,[53],565.0,0.0,1097
15054,dots,history,1,huyygtho,qf666enf,55,32,[54],750.0,0.0,1097
15055,dots,history,1,huyygtho,5yxx3kum,56,33,[55],875.0,0.0,1097
15056,dots,history,1,huyygtho,6jfiwewq,57,34,[56],667.0,0.0,1097
15058,dots,history,1,huyygtho,4krfpr6t,59,35,[57],800.0,0.0,1097
15059,dots,history,1,huyygtho,u3ojmt58,60,36,[59],350.0,0.0,1097
15060,dots,history,1,huyygtho,tihwb10d,61,37,[60],500.0,0.0,1097
15062,dots,history,1,huyygtho,4n7buuhr,63,38,[61],3000.0,0.0,1097
15064,dots,history,1,huyygtho,wqd8t9gf,65,39,[63],502052.0,0.0,1097
15065,dots,history,1,huyygtho,wwv8wbun,66,40,[65],344.0,0.0,1097
15067,dots,history,1,huyygtho,w6sa0ls4,68,41,[66],1450.0,0.0,1097
15066,dots,history,1,huyygtho,mfunrii2,67,42,[68],2000.0,0.0,1097
15068,dots,history,1,huyygtho,ur9jovhv,69,43,[67],850.0,0.0,1097
15071,dots,history,1,huyygtho,4pf4v5kq,72,44,[69],700.0,0.0,1097
15072,dots,history,1,huyygtho,0vnvmc0k,73,45,[72],1000.0,1.0,1097
15073,dots,history,1,huyygtho,6weimkt9,74,46,[73],950.0,0.0,1097
15074,dots,history,1,huyygtho,gjtrck7u,75,47,[74],960.0,0.0,1097
15075,dots,history,1,huyygtho,nkkzl54x,76,48,[75],846.0,0.0,1097
15078,dots,history,1,huyygtho,brfbdwlh,79,49,[76],522.0,0.0,1097
15079,dots,history,1,huyygtho,umtgf996,80,50,[79],756.0,0.0,1097
15077,dots,history,1,huyygtho,vxybyi93,78,51,[80],300.0,0.0,1097
15080,dots,history,1,huyygtho,rzesr7rx,81,52,[78],400.0,0.0,1097
15083,dots,history,1,huyygtho,k9ei28rt,84,53,[81],420.0,0.0,1097
15084,dots,history,1,huyygtho,enzjo1l7,85,54,[84],10000.0,0.0,1097
15086,dots,history,1,huyygtho,hcx6m9c8,87,55,[85],347.0,0.0,1097
15087,dots,history,1,huyygtho,jkw7b7xt,88,56,[87],289.0,0.0,1097
15088,dots,history,1,huyygtho,27strmp0,89,57,[88],1175.0,1.0,1097
15090,dots,history,1,huyygtho,kbtuks34,91,58,[89],1200.0,1.0,1097
15091,dots,history,1,huyygtho,gqeid0v3,92,59,[91],356.0,0.0,1097
15092,dots,history,1,huyygtho,pcc3nplb,93,60,[92],500.0,0.0,1097
15093,dots,history,1,huyygtho,beqkxsyj,94,61,[93],300.0,0.0,1097
15094,dots,history,1,huyygtho,pm1soh3l,95,62,[94],350.0,0.0,1097
15095,dots,history,1,huyygtho,bn48fede,96,63,[95],467.0,0.0,1097
15096,dots,history,1,huyygtho,shfhzswn,97,64,[96],556.0,0.0,1097
15097,dots,history,1,huyygtho,ysj94760,98,65,[97],623.0,0.0,1097
15099,dots,history,1,huyygtho,c4kdpayg,100,66,[98],500.0,0.0,1097
15100,dots,history,1,huyygtho,xwr5b5au,101,67,[100],600.0,0.0,1097
15103,dots,history,1,huyygtho,w96kpvf1,104,68,[101],1000.0,0.0,1097
15104,dots,history,1,huyygtho,pizxvot8,105,69,[104],1100.0,1.0,1097
15105,dots,history,1,huyygtho,rmhvwfnj,106,70,[105],800.0,0.0,1097
15106,dots,history,1,huyygtho,9lvizg9m,107,71,[106],700.0,0.0,1097
15107,dots,history,1,huyygtho,s8j5n3y7,108,72,[107],5959.0,0.0,1097
15108,dots,history,1,huyygtho,7j7lgivj,109,73,[108],2500.0,0.0,1097
15109,dots,history,1,huyygtho,9x5gagmm,110,74,[109],1986.0,0.0,1097
15110,dots,history,1,huyygtho,3qt80zhl,111,75,[110],1340.0,0.0,1097
15111,dots,history,1,huyygtho,5zhxxffp,112,76,[111],540.0,0.0,1097
15112,dots,history,1,huyygtho,bvsfe1cp,113,77,[112],486.0,0.0,1097
15113,dots,history,1,huyygtho,1euselzz,114,78,[113],600.0,0.0,1097
15115,dots,history,1,huyygtho,93hlzzsm,116,79,[114],720.0,0.0,1097
15116,dots,history,1,huyygtho,1o2444ap,117,80,[116],1200.0,1.0,1097
15117,dots,history,1,huyygtho,uyl1edf6,118,81,[117],1112.0,1.0,1097
15118,dots,history,1,huyygtho,uqc6g4bd,119,82,[118],876.0,0.0,1097
15119,dots,history,1,huyygtho,zxhju7qk,120,83,[119],117.0,0.0,1097
15120,dots,history,1,huyygtho,r4ja55xk,121,84,[120],600.0,0.0,1097
15121,dots,history,1,huyygtho,bsrzb5ji,122,85,[121],1000.0,1.0,1097
15122,dots,history,1,huyygtho,czwd5qe8,123,86,[122],839.0,0.0,1097
15123,dots,history,1,huyygtho,f07rz0aj,124,87,[123],1000.0,1.0,1097
15124,dots,history,1,huyygtho,ah2m21uj,125,88,[124],374.0,0.0,1097
15125,dots,history,1,huyygtho,gv8yucis,126,89,[125],14000.0,0.0,1097
15127,dots,history,1,huyygtho,ce8yqw8u,128,90,[126],628.0,0.0,1097
15129,dots,history,1,huyygtho,ksyg31ag,130,91,[128],495.0,0.0,1097
15130,dots,history,1,huyygtho,qpf3k4j8,131,92,[130],1233.0,0.0,1097
15131,dots,history,1,huyygtho,4ll7pqjc,132,93,[131],740.0,0.0,1097
15132,dots,history,1,huyygtho,1o072omx,133,94,[132],340.0,0.0,1097
15133,dots,history,1,huyygtho,0pjzirwp,134,95,[133],460.0,0.0,1097
15134,dots,history,1,huyygtho,nwvaaydt,135,96,[134],650.0,0.0,1097
15135,dots,history,1,huyygtho,w7srlq9c,136,97,[135],759.0,0.0,1097
15136,dots,history,1,huyygtho,6m3xxpnn,137,98,[136],368.0,0.0,1097
15137,dots,history,1,huyygtho,q9geqpoo,138,99,[137],562.0,0.0,1097
15138,dots,history,1,huyygtho,s4tgluzs,139,100,[138],768.0,0.0,1097
15140,dots,history,1,huyygtho,uizkesaa,141,101,[139],510.0,0.0,1097
15141,dots,history,1,huyygtho,ctb3gkt3,142,102,[141],800.0,0.0,1097
15142,dots,history,1,huyygtho,vgxmh4i0,143,103,[142],750.0,0.0,1097
15143,dots,history,1,huyygtho,rsgm0n9z,144,104,[143],650.0,0.0,1097
15144,dots,history,1,huyygtho,dbfq9ys4,145,105,[144],700.0,0.0,1097
15145,dots,history,1,huyygtho,0f0wwsgt,146,106,[145],400.0,0.0,1097
15147,dots,history,1,huyygtho,gao0lta7,148,107,[146],400.0,0.0,1097
15148,dots,history,1,huyygtho,96le5mzm,149,108,[148],342.0,0.0,1097
15149,dots,history,1,huyygtho,xhv2bo65,150,109,[149],621.0,0.0,1097
15150,dots,history,1,huyygtho,leic7w0r,151,110,[150],856.0,0.0,1097
15151,dots,history,1,huyygtho,r30apoai,152,111,[151],250.0,0.0,1097
15152,dots,history,1,huyygtho,806wessd,153,112,[152],340.0,0.0,1097
15153,dots,history,1,huyygtho,9tjr0wkv,154,113,[153],4200.0,0.0,1097
15154,dots,history,1,huyygtho,iqi62rr6,155,114,[154],4000.0,0.0,1097
15156,dots,history,1,huyygtho,npohfz13,157,115,[155],789.0,0.0,1097
15157,dots,history,1,huyygtho,e54fuj32,158,116,[157],720.0,0.0,1097
15158,dots,history,1,huyygtho,ifczfier,159,117,[158],653.0,0.0,1097
15159,dots,history,1,huyygtho,mxtkrald,160,118,[159],600.0,0.0,1097
15161,dots,history,1,huyygtho,u3cgzowm,162,119,[160],650.0,0.0,1097
15162,dots,history,1,huyygtho,yb34s3cd,163,120,[162],500.0,0.0,1097
15163,dots,history,1,huyygtho,ne1afs9m,164,121,[163],726.0,0.0,1097
15164,dots,history,1,huyygtho,qi9tsbl2,165,122,[164],442.0,0.0,1097
15165,dots,history,1,huyygtho,6btlowt4,166,123,[165],450.0,0.0,1097
15166,dots,history,1,huyygtho,jf8kvkla,167,124,[166],500.0,0.0,1097
15167,dots,history,1,huyygtho,a78i9q1i,168,125,[167],456.0,0.0,1097
15168,dots,history,1,huyygtho,4pv6td53,169,126,[168],700.0,0.0,1097
15169,dots,history,1,huyygtho,wwkloruq,170,127,[169],4000.0,0.0,1097
15170,dots,history,1,huyygtho,iozmy7rs,171,128,[170],450.0,0.0,1097
15171,dots,history,1,huyygtho,10smur1r,172,129,[171],800.0,0.0,1097
15174,dots,history,1,huyygtho,z1ae21s0,175,130,[172],1000.0,1.0,1097
15175,dots,history,1,huyygtho,yded9hpn,176,131,[175],1546.0,0.0,1097
15176,dots,history,1,huyygtho,cb0shxul,177,132,[176],1755.0,0.0,1097
15177,dots,history,1,huyygtho,1zpxaxqa,178,133,[177],900.0,0.0,1097
15179,dots,history,1,huyygtho,jdmadw86,180,134,[178],489.0,0.0,1097
15180,dots,history,1,huyygtho,b2u06otl,181,135,[180],350.0,0.0,1097
15181,dots,history,1,huyygtho,jdjme2br,182,136,[181],750.0,0.0,1097
15182,dots,history,1,huyygtho,vj99nael,183,137,[182],800.0,0.0,1097
15183,dots,history,1,huyygtho,tamab0jf,184,138,[183],620.0,0.0,1097
15184,dots,history,1,huyygtho,70dl8xcu,185,139,[184],540.0,0.0,1097
15185,dots,history,1,huyygtho,b5zca09r,186,140,[185],1000.0,1.0,1097
15186,dots,history,1,huyygtho,plem95x1,187,141,[186],700.0,0.0,1097
15188,dots,history,1,huyygtho,87t9r3he,189,142,[187],800.0,0.0,1097
15192,dots,history,1,huyygtho,hqhucy7b,193,143,[189],640.0,0.0,1097
15194,dots,history,1,huyygtho,cqmvzv12,195,144,[193],1000.0,1.0,1097
15195,dots,history,1,huyygtho,y3rat0u7,196,145,[195],650.0,0.0,1097
15196,dots,history,1,huyygtho,rsak8vk9,197,146,[196],220.0,0.0,1097
15198,dots,history,1,huyygtho,w7vlwr3v,199,147,[197],350.0,0.0,1097
15199,dots,history,1,huyygtho,8rbpjuen,200,148,[199],400.0,0.0,1097
15200,dots,history,1,huyygtho,3nlwidbk,201,149,[200],500.0,0.0,1097
15201,dots,history,1,huyygtho,7dd0cvz8,202,150,[201],300.0,0.0,1097
15203,dots,history,1,huyygtho,lckotnu6,204,151,[202],400.0,0.0,1097
15205,dots,history,1,huyygtho,h1z7y3ky,206,152,[204],530.0,0.0,1097
15206,dots,history,1,huyygtho,qo4m9v51,207,153,[206],550.0,0.0,1097
15210,dots,history,1,huyygtho,n93tx857,211,154,[207],1170.0,0.0,1097
15209,dots,history,1,huyygtho,jzgzxa6u,210,155,[211],1280.0,0.0,1097
15211,dots,history,1,huyygtho,vrhsecxi,212,156,[210],600.0,0.0,1097
15212,dots,history,1,huyygtho,9ucktlb2,213,157,[212],700.0,0.0,1097
15213,dots,history,1,huyygtho,hz9iuad2,214,158,[213],650.0,0.0,1097
15214,dots,history,1,huyygtho,xytzb917,215,159,[214],495.0,0.0,1097
15215,dots,history,1,huyygtho,q1lt7n6a,216,160,[215],550.0,0.0,1097
15217,dots,history,1,huyygtho,8ej5rzq6,218,161,[216],620.0,0.0,1097
15218,dots,history,1,huyygtho,n8iraarh,219,162,[218],347.0,0.0,1097
15219,dots,history,1,huyygtho,32kv0bye,220,163,[219],1200.0,1.0,1097
15220,dots,history,1,huyygtho,pfzk4oqe,221,164,[220],1100.0,1.0,1097
15221,dots,history,1,huyygtho,4fofjmdy,222,165,[221],86.0,0.0,1097
15222,dots,history,1,huyygtho,5ot8hdjg,223,166,[222],10000.0,0.0,1097
15223,dots,history,1,huyygtho,4ghin08i,224,167,[223],780.0,0.0,1097
15225,dots,history,1,huyygtho,octpfk92,226,168,[224],1452.0,0.0,1097
15226,dots,history,1,huyygtho,4awp6631,227,169,[226],1235.0,0.0,1097
15227,dots,history,1,huyygtho,kics580k,228,170,[227],3200.0,0.0,1097
15228,dots,history,1,huyygtho,e6cfvw01,229,171,[228],500.0,0.0,1097
15229,dots,history,1,huyygtho,5diqom26,230,172,[229],1000.0,1.0,1097
15230,dots,history,1,huyygtho,przc7sfc,231,173,[230],398.0,0.0,1097
15231,dots,history,1,huyygtho,6lkko7f1,232,174,[231],3000.0,0.0,1097
15232,dots,history,1,huyygtho,i9hz1v52,233,175,[232],1500.0,0.0,1097
15233,dots,history,1,huyygtho,6hmbqeq5,234,176,[233],980.0,0.0,1097
15234,dots,history,1,huyygtho,vcwf672z,235,177,[234],3700.0,0.0,1097
15235,dots,history,1,huyygtho,l6yls9sh,236,178,[235],4200.0,0.0,1097
15236,dots,history,1,huyygtho,8evopsot,237,179,[236],900.0,0.0,1097
15238,dots,history,1,huyygtho,xflxj5ay,239,180,[237],822.0,0.0,1097
15239,dots,history,1,huyygtho,pe8gxzs4,240,181,[239],731.0,0.0,1097
15240,dots,history,1,huyygtho,zp20m87h,241,182,[240],1369.0,0.0,1097
15241,dots,history,1,huyygtho,m4mwi7ud,242,183,[241],300.0,0.0,1097
15242,dots,history,1,huyygtho,ap7iq2y6,243,184,[242],532.0,0.0,1097
15243,dots,history,1,huyygtho,0v9mixxv,244,185,[243],620.0,0.0,1097
15245,dots,history,1,huyygtho,rh7iylla,246,186,[244],520.0,0.0,1097
15246,dots,history,1,huyygtho,hjepz2a7,247,187,[246],573.0,0.0,1097
15248,dots,history,1,huyygtho,ucdqqo1h,249,188,[247],526.0,0.0,1097
15249,dots,history,1,huyygtho,18opmrpu,250,189,[249],854.0,0.0,1097
15250,dots,history,1,huyygtho,6lj5oseq,251,190,[250],1001.0,1.0,1097
15251,dots,history,1,huyygtho,johsz0x5,252,191,[251],3245.0,0.0,1097
15252,dots,history,1,huyygtho,yfozqvsg,253,192,[252],5997.0,0.0,1097
15253,dots,history,1,huyygtho,ltf9g4kc,254,193,[253],4400.0,0.0,1097
15255,dots,history,1,huyygtho,nch8s10v,256,194,[254],1000.0,1.0,1097
15256,dots,history,1,huyygtho,cjcr911a,257,195,[256],1647.0,0.0,1097
15257,dots,history,1,huyygtho,momk44jq,258,196,[257],1898.0,0.0,1097
15258,dots,history,1,huyygtho,pnmop3s8,259,197,[258],1345.0,0.0,1097
15259,dots,history,1,huyygtho,kar9tx92,260,198,[259],136.0,0.0,1097
15260,dots,history,1,huyygtho,4k1vvd0g,261,199,[260],120.0,0.0,1097
15261,dots,history,1,huyygtho,z9sbukfb,262,200,[261],3000.0,0.0,1097
15262,dots,history,1,huyygtho,9zwfpj4m,263,201,[262],1000.0,1.0,1097
15263,dots,history,1,huyygtho,68hvu9ja,264,202,[263],324.0,0.0,1097
15264,dots,history,1,huyygtho,b0eko555,265,203,[264],680.0,0.0,1097
15265,dots,history,1,huyygtho,dhjqnkkg,266,204,[265],842.0,0.0,1097
15266,dots,history,1,huyygtho,purx12y8,267,205,[266],930.0,0.0,1097
15267,dots,history,1,huyygtho,t59m6cjl,268,206,[267],550.0,0.0,1097
15268,dots,history,1,huyygtho,j337sqhd,269,207,[268],500.0,0.0,1097
15270,dots,history,1,huyygtho,n985mxyp,271,208,[269],850.0,0.0,1097
15271,dots,history,1,huyygtho,p6pdivk5,272,209,[271],1500.0,0.0,1097
15272,dots,history,1,huyygtho,s7n2q9jf,273,210,[272],155.0,0.0,1097
15273,dots,history,1,huyygtho,qo9mtfhh,274,211,[273],880.0,0.0,1097
15275,dots,history,1,huyygtho,jf3hpcny,276,212,[274],750.0,0.0,1097
15276,dots,history,1,huyygtho,ij774uqt,277,213,[276],1400.0,0.0,1097
15277,dots,history,1,huyygtho,2badjb0b,278,214,[277],650.0,0.0,1097
15279,dots,history,1,huyygtho,qecuwts7,280,215,[278],1500.0,0.0,1097
15280,dots,history,1,huyygtho,zd4obhc8,281,216,[280],1775.0,0.0,1097
15281,dots,history,1,huyygtho,3iw5o3nm,282,217,[281],2000.0,0.0,1097
15282,dots,history,1,huyygtho,nxibo6ht,283,218,[282],2500.0,0.0,1097
15283,dots,history,1,huyygtho,0bomeka8,284,219,[283],1350.0,0.0,1097
15284,dots,history,1,huyygtho,7h21gsfu,285,220,[284],5751.0,0.0,1097
15286,dots,history,1,huyygtho,qvaiuiw6,287,221,[285],2371.0,0.0,1097
15287,dots,history,1,huyygtho,jqa5d0wc,288,222,[287],2100.0,0.0,1097
15289,dots,history,1,huyygtho,05bzxuvm,290,223,[288],4000.0,0.0,1097
15290,dots,history,1,huyygtho,rvneiinz,291,224,[290],20000.0,0.0,1097
15291,dots,history,1,huyygtho,qo1jy8g1,292,225,[291],160001.0,0.0,1097
15293,dots,history,1,huyygtho,69sptvf7,294,226,[292],600.0,0.0,1097
15296,dots,history,1,huyygtho,sn59s3vf,297,227,[294],750.0,0.0,1097
15297,dots,history,1,huyygtho,e5ov9pfb,298,228,[297],1500.0,0.0,1097
15298,dots,history,1,huyygtho,dy96487h,299,229,[298],800.0,0.0,1097
15299,dots,history,1,huyygtho,ocxs1tf2,300,230,[299],1350.0,0.0,1097
15301,dots,history,1,huyygtho,u97vq577,302,231,[300],1600.0,0.0,1097
15302,dots,history,1,huyygtho,1pgsmsme,303,232,[302],1550.0,0.0,1097
15303,dots,history,1,huyygtho,99mwq7qi,304,233,[303],1258.0,0.0,1097
15304,dots,history,1,huyygtho,ztu24k4b,305,234,[304],1256.0,0.0,1097
15305,dots,history,1,huyygtho,0gmxzrte,306,235,[305],950.0,0.0,1097
15307,dots,history,1,huyygtho,ascn9me1,308,236,[306],358.0,0.0,1097
15308,dots,history,1,huyygtho,9tqjwkv7,309,237,[308],250.0,0.0,1097
15309,dots,history,1,huyygtho,up2wexbb,310,238,[309],1200.0,1.0,1097
15311,dots,history,1,huyygtho,y1s40suv,312,239,[310],1330.0,0.0,1097
15312,dots,history,1,huyygtho,yjkt2kvq,313,240,[312],1432.0,0.0,1097
15314,dots,history,1,huyygtho,cdk8iwj0,315,241,[313],2500.0,0.0,1097
15315,dots,history,1,huyygtho,64w2zesd,316,242,[315],950.0,0.0,1097
15316,dots,history,1,huyygtho,ginhndwn,317,243,[316],578.0,0.0,1097
15317,dots,history,1,huyygtho,e5lhkxla,318,244,[317],592.0,0.0,1097
15318,dots,history,1,huyygtho,x165sbm7,319,245,[318],2100.0,0.0,1097
15320,dots,history,1,huyygtho,d4yywfuz,321,246,[319],2800.0,0.0,1097
15322,dots,history,1,huyygtho,qycs1sm7,323,247,[321],500.0,0.0,1097
15323,dots,history,1,huyygtho,nni9x55c,324,248,[323],725.0,0.0,1097
15324,dots,history,1,huyygtho,cbe47uhv,325,249,[324],795.0,0.0,1097
15325,dots,history,1,huyygtho,5q130vu4,326,250,[325],384.0,0.0,1097
15326,dots,history,1,huyygtho,452wq68w,327,251,[326],250.0,0.0,1097
15327,dots,history,1,huyygtho,66m64q1j,328,252,[327],300.0,0.0,1097
15328,dots,history,1,huyygtho,vqcy0o8k,329,253,[328],345.0,0.0,1097
15329,dots,history,1,huyygtho,0nbf1s5c,330,254,[329],597.0,0.0,1097
15330,dots,history,1,huyygtho,f553od1i,331,255,[330],652.0,0.0,1097
15332,dots,history,1,huyygtho,a6mewlyr,333,256,[331],580.0,0.0,1097
15333,dots,history,1,huyygtho,uo4cypzm,334,257,[333],660.0,0.0,1097
15335,dots,history,1,huyygtho,yekhizw7,336,258,[334],55565.0,0.0,1097
15338,dots,history,1,huyygtho,qi8lps17,339,259,[336],20586.0,0.0,1097
15339,dots,history,1,huyygtho,ii3u2gln,340,260,[339],760.0,0.0,1097
15340,dots,history,1,huyygtho,9uoh59u7,341,261,[340],460.0,0.0,1097
15342,dots,history,1,huyygtho,gwefboo0,343,262,[341],490.0,0.0,1097
15344,dots,history,1,huyygtho,vqg49lhc,345,263,[343],1020.0,1.0,1097
15345,dots,history,1,huyygtho,cxb0k32k,346,264,[345],780.0,0.0,1097
15346,dots,history,1,huyygtho,xv3vci8w,347,265,[346],1134.0,1.0,1097
15347,dots,history,1,huyygtho,ugvysxsc,348,266,[347],1135.0,1.0,1097
15348,dots,history,1,huyygtho,ylxfbz94,349,267,[348],700.0,0.0,1097
15350,dots,history,1,huyygtho,cfo15lay,351,268,[349],660.0,0.0,1097
15351,dots,history,1,huyygtho,sk98yiq8,352,269,[351],2000.0,0.0,1097
15352,dots,history,1,huyygtho,2i33hj49,353,270,[352],670.0,0.0,1097
15353,dots,history,1,huyygtho,n68nf3w1,354,271,[353],800.0,0.0,1097
15355,dots,history,1,huyygtho,r36x9qlj,356,272,[354],350.0,0.0,1097
15356,dots,history,1,huyygtho,8j65fdns,357,273,[356],325.0,0.0,1097
15358,dots,history,1,huyygtho,2nrtwjlm,359,274,[357],1000.0,1.0,1097
15362,dots,history,1,huyygtho,8sfg65ug,363,275,[359],1500.0,0.0,1097
15364,dots,history,1,huyygtho,1ef937jr,365,276,[363],980.0,0.0,1097
15365,dots,history,1,huyygtho,9x8j5xf0,366,277,[365],500.0,0.0,1097
15366,dots,history,1,huyygtho,9vb9nhku,367,278,[366],467.0,0.0,1097
15370,dots,history,1,huyygtho,o0xgeuhr,371,279,[367],561.0,0.0,1097
15371,dots,history,1,huyygtho,t9y72izm,372,280,[371],600.0,0.0,1097
15372,dots,history,1,huyygtho,whi38keb,373,281,[372],569.0,0.0,1097
15373,dots,history,1,huyygtho,f50cuudg,374,282,[373],600.0,0.0,1097
15376,dots,history,1,huyygtho,61k2tf9f,377,283,[374],780.0,0.0,1097
15377,dots,history,1,huyygtho,m9fg7ofq,378,284,[377],500.0,0.0,1097
15379,dots,history,1,huyygtho,2rt2cnic,380,285,[378],675.0,0.0,1097
15380,dots,history,1,huyygtho,f8surwba,381,286,[380],900.0,0.0,1097
15381,dots,history,1,huyygtho,bvno8ryl,382,287,[381],1356.0,0.0,1097
15382,dots,history,1,huyygtho,55uo4rrr,383,288,[382],1500.0,0.0,1097
15383,dots,history,1,huyygtho,i4oa40xw,384,289,[383],1600.0,0.0,1097
15384,dots,history,1,huyygtho,bpet8dwj,385,290,[384],1700.0,0.0,1097
15385,dots,history,1,huyygtho,zjds3av3,386,291,[385],1500.0,0.0,1097
15387,dots,history,1,huyygtho,4m2qvaso,388,292,[386],1800.0,0.0,1097
15388,dots,history,1,huyygtho,slauxvch,389,293,[388],458.0,0.0,1097
15389,dots,history,1,huyygtho,cvebcutj,390,294,[389],526.0,0.0,1097
15390,dots,history,1,huyygtho,ypx96sab,391,295,[390],865.0,0.0,1097
15391,dots,history,1,huyygtho,9wb9nb5f,392,296,[391],900.0,0.0,1097
15392,dots,history,1,huyygtho,6buc7qqf,393,297,[392],1100.0,1.0,1097
15393,dots,history,1,huyygtho,fxk6l7qq,394,298,[393],500.0,0.0,1097
15394,dots,history,1,huyygtho,x7ph8u8r,395,299,[394],986.0,0.0,1097
15395,dots,history,1,huyygtho,iuaxj5f6,396,300,[395],1003.0,1.0,1097
15396,dots,history,1,huyygtho,6p3sn39q,397,301,[396],588.0,0.0,1097
15397,dots,history,1,huyygtho,62z33ecq,398,302,[397],498.0,0.0,1097
15398,dots,history,1,huyygtho,f8mzqeai,399,303,[398],96.0,0.0,1097
15399,dots,history,1,huyygtho,4y3859fc,400,304,[399],2000.0,0.0,1097
15401,dots,history,1,huyygtho,c2vo7gce,402,305,[400],500.0,0.0,1097
15402,dots,history,1,huyygtho,r55dhz4y,403,306,[402],500.0,0.0,1097
15403,dots,history,1,huyygtho,sr3t0yu8,404,307,[403],587.0,0.0,1097
15404,dots,history,1,huyygtho,w135lzx7,405,308,[404],700.0,0.0,1097
15405,dots,history,1,huyygtho,dwo2v7d9,406,309,[405],720.0,0.0,1097
15406,dots,history,1,huyygtho,6zt9tgqq,407,310,[406],841.0,0.0,1097
15408,dots,history,1,huyygtho,j2hzjexx,409,311,[407],768.0,0.0,1097
15411,dots,history,1,huyygtho,5wn41elq,412,312,[409],350.0,0.0,1097
15412,dots,history,1,huyygtho,wv6stzvx,413,313,[412],982.0,0.0,1097
15414,dots,history,1,huyygtho,8llpli6y,415,314,[413],127.0,0.0,1097
15415,dots,history,1,huyygtho,g7h34m4j,416,315,[415],218.0,0.0,1097
15417,dots,history,1,huyygtho,6tzzzt2i,418,316,[416],3000.0,0.0,1097
15418,dots,history,1,huyygtho,pj2qinbi,419,317,[418],350.0,0.0,1097
15419,dots,history,1,huyygtho,03wu990g,420,318,[419],550.0,0.0,1097
15420,dots,history,1,huyygtho,f7ia20e3,421,319,[420],700.0,0.0,1097
15421,dots,history,1,huyygtho,0do9gk2r,422,320,[421],740.0,0.0,1097
15422,dots,history,1,huyygtho,41j7w4a5,423,321,[422],750.0,0.0,1097
15423,dots,history,1,huyygtho,jhewmjou,424,322,[423],659.0,0.0,1097
15424,dots,history,1,huyygtho,ni5xlv1f,425,323,[424],500.0,0.0,1097
15425,dots,history,1,huyygtho,k2y3a745,426,324,[425],375.0,0.0,1097
15426,dots,history,1,huyygtho,hagjb04u,427,325,[426],500.0,0.0,1097
15427,dots,history,1,huyygtho,j6qegvw9,428,326,[427],317.0,0.0,1097
15428,dots,history,1,huyygtho,onrlx8lm,429,327,[428],500.0,0.0,1097
15429,dots,history,1,huyygtho,eoqczpki,430,328,[429],662.0,0.0,1097
15431,dots,history,1,huyygtho,kfyukdhf,432,329,[430],240.0,0.0,1097
15432,dots,history,1,huyygtho,vdmev231,433,330,[432],500.0,0.0,1097
15433,dots,history,1,huyygtho,42xsjqcp,434,331,[433],736.0,0.0,1097
15434,dots,history,1,huyygtho,yelnygm0,435,332,[434],675.0,0.0,1097
15435,dots,history,1,huyygtho,uie86skw,436,333,[435],900.0,0.0,1097
15436,dots,history,1,huyygtho,5pyb876c,437,334,[436],1250.0,0.0,1097
15437,dots,history,1,huyygtho,ng3q36om,438,335,[437],890.0,0.0,1097
15438,dots,history,1,huyygtho,zd2c6kgs,439,336,[438],750.0,0.0,1097
15439,dots,history,1,huyygtho,31is13xq,440,337,[439],1100.0,1.0,1097
15440,dots,history,1,huyygtho,cvmltf5b,441,338,[440],1400.0,0.0,1097
15441,dots,history,1,huyygtho,ze5uozti,442,339,[441],775.0,0.0,1097
15442,dots,history,1,huyygtho,3f0hidjt,443,340,[442],666.0,0.0,1097
15443,dots,history,1,huyygtho,j27run5u,444,341,[443],775.0,0.0,1097
15444,dots,history,1,huyygtho,c269b08g,445,342,[444],210.0,0.0,1097
15445,dots,history,1,huyygtho,x9p5ntml,446,343,[445],340.0,0.0,1097
15446,dots,history,1,huyygtho,gkm1c9m0,447,344,[446],640.0,0.0,1097
15447,dots,history,1,huyygtho,cjszhmj1,448,345,[447],610.0,0.0,1097
15448,dots,history,1,huyygtho,2reroy7m,449,346,[448],1200.0,1.0,1097
15450,dots,history,1,huyygtho,jeuf7u7s,451,347,[449],2200.0,0.0,1097
15451,dots,history,1,huyygtho,ncdy1gmd,452,348,[451],410.0,0.0,1097
15452,dots,history,1,huyygtho,1sxjj48o,453,349,[452],1053.0,1.0,1097
15454,dots,history,1,huyygtho,uyayddet,455,350,[453],304.0,0.0,1097
15456,dots,history,1,huyygtho,6vo7gx1s,457,351,[455],300.0,0.0,1097
15457,dots,history,1,huyygtho,myih0neb,458,352,[457],21.0,0.0,1097
15458,dots,history,1,huyygtho,7gc8kh9q,459,353,[458],1015.0,1.0,1097
15459,dots,history,1,huyygtho,1fnmd2no,460,354,[459],2000.0,0.0,1097
15460,dots,history,1,huyygtho,98tbwbsf,461,355,[460],1500.0,0.0,1097
15461,dots,history,1,huyygtho,w1uyd6ak,462,356,[461],150.0,0.0,1097
15462,dots,history,1,huyygtho,ofajmum5,463,357,[462],800.0,0.0,1097
15464,dots,history,1,huyygtho,y1f417sy,465,358,[463],755.0,0.0,1097
15466,dots,history,1,huyygtho,67xnvael,467,359,[465],350.0,0.0,1097
15467,dots,history,1,huyygtho,s3xfklwj,468,360,[467],135.0,0.0,1097
15470,dots,history,1,huyygtho,m7ufja9c,471,361,[468],97097.0,0.0,1097
15471,dots,history,1,huyygtho,caht16xz,472,362,[471],749.0,0.0,1097
15472,dots,history,1,huyygtho,fiobkawu,473,363,[472],842.0,0.0,1097
15473,dots,history,1,huyygtho,rczpzet5,474,364,[473],925.0,0.0,1097
15474,dots,history,1,huyygtho,fhl1z3j7,475,365,[474],682.0,0.0,1097
15475,dots,history,1,huyygtho,mtuqeuor,476,366,[475],1532.0,0.0,1097
15476,dots,history,1,huyygtho,n71kspdc,477,367,[476],1550.0,0.0,1097
15477,dots,history,1,huyygtho,0m158ku6,478,368,[477],1110.0,1.0,1097
15478,dots,history,1,huyygtho,6otu60ff,479,369,[478],2000.0,0.0,1097
15479,dots,history,1,huyygtho,mi1entu9,480,370,[479],2903.0,0.0,1097
15480,dots,history,1,huyygtho,3ek441aq,481,371,[480],2680.0,0.0,1097
15481,dots,history,1,huyygtho,wt0i5uy8,482,372,[481],1500.0,0.0,1097
15482,dots,history,1,huyygtho,i2f1e0qd,483,373,[482],887.0,0.0,1097
15483,dots,history,1,huyygtho,a2vvtib3,484,374,[483],629.0,0.0,1097
15485,dots,history,1,huyygtho,lasipel5,486,375,[484],2000.0,0.0,1097
15486,dots,history,1,huyygtho,cpdy6z5r,487,376,[486],334.0,0.0,1097
15488,dots,history,1,huyygtho,mfcq6s6n,489,377,[487],700.0,0.0,1097
15489,dots,history,1,huyygtho,am47tsde,490,378,[489],354.0,0.0,1097
15490,dots,history,1,huyygtho,kyai1l84,491,379,[490],680.0,0.0,1097
15491,dots,history,1,huyygtho,ppkwdz3b,492,380,[491],212.0,0.0,1097
15492,dots,history,1,huyygtho,z6kido26,493,381,[492],750.0,0.0,1097
15493,dots,history,1,huyygtho,j3g2x3uz,494,382,[493],900.0,0.0,1097
15494,dots,history,1,huyygtho,fhmq9w53,495,383,[494],1200.0,1.0,1097
15495,dots,history,1,huyygtho,kkdiy2gl,496,384,[495],1500.0,0.0,1097
15496,dots,history,1,huyygtho,jkkproy0,497,385,[496],900.0,0.0,1097
15497,dots,history,1,huyygtho,zlw9b0pe,498,386,[497],2358.0,0.0,1097
15498,dots,history,1,huyygtho,gwijsoqz,499,387,[498],510.0,0.0,1097
15499,dots,history,1,huyygtho,auh2qyyl,500,388,[499],312.0,0.0,1097
15501,dots,history,1,huyygtho,qgyo7osl,502,389,[500],325.0,0.0,1097
15502,dots,history,1,huyygtho,mq5mdzfi,503,390,[502],700.0,0.0,1097
15503,dots,history,1,huyygtho,0egk467o,504,391,[503],1200.0,1.0,1097
15504,dots,history,1,huyygtho,g8tvc6e7,505,392,[504],1500.0,0.0,1097
15505,dots,history,1,huyygtho,1ftpjdck,506,393,[505],700.0,0.0,1097
15506,dots,history,1,huyygtho,y4y8kr21,507,394,[506],666.0,0.0,1097
15507,dots,history,1,huyygtho,h78r5tzm,508,395,[507],900.0,0.0,1097
15509,dots,history,1,huyygtho,fqh85xxm,510,396,[508],800.0,0.0,1097
15510,dots,history,1,huyygtho,do6uxa8v,511,397,[510],300.0,0.0,1097
15511,dots,history,1,huyygtho,6wl7c9r0,512,398,[511],450.0,0.0,1097
15512,dots,history,1,huyygtho,j0i1utmr,513,399,[512],553.0,0.0,1097
15513,dots,history,1,huyygtho,eabqhjkb,514,400,[513],200.0,0.0,1097
15514,dots,history,1,huyygtho,34veo68b,515,401,[514],170.0,0.0,1097
15515,dots,history,1,huyygtho,shu3pm1w,516,402,[515],321.0,0.0,1097
15516,dots,history,1,huyygtho,u5iq2z37,517,403,[516],540.0,0.0,1097
15517,dots,history,1,huyygtho,ngohctp0,518,404,[517],950.0,0.0,1097
15518,dots,history,1,huyygtho,yp6ajz4y,519,405,[518],800.0,0.0,1097
15519,dots,history,1,huyygtho,2gfhf93d,520,406,[519],320.0,0.0,1097
15520,dots,history,1,huyygtho,9i1a76aj,521,407,[520],650.0,0.0,1097
15522,dots,history,1,huyygtho,aa12g8cz,523,408,[521],1000.0,1.0,1097
15523,dots,history,1,huyygtho,4tnc4n0t,524,409,[523],1000.0,1.0,1097
15524,dots,history,1,huyygtho,fsardi3z,525,410,[524],505.0,0.0,1097
15525,dots,history,1,huyygtho,gpt32iwx,526,411,[525],5649.0,0.0,1097
15527,dots,history,1,huyygtho,3v7n1h9t,528,412,[526],6000.0,0.0,1097
15528,dots,history,1,huyygtho,k5txoiwv,529,413,[528],1000.0,1.0,1097
15529,dots,history,1,huyygtho,syjzrd8k,530,414,[529],500.0,0.0,1097
15530,dots,history,1,huyygtho,3t33c60k,531,415,[530],352.0,0.0,1097
15531,dots,history,1,huyygtho,oyuarpgx,532,416,[531],420.0,0.0,1097
15532,dots,history,1,huyygtho,dpx3omlw,533,417,[532],350.0,0.0,1097
15533,dots,history,1,huyygtho,a2g3zh6g,534,418,[533],400.0,0.0,1097
15534,dots,history,1,huyygtho,n547cwxm,535,419,[534],500.0,0.0,1097
15535,dots,history,1,huyygtho,zyn261pj,536,420,[535],678.0,0.0,1097
15536,dots,history,1,huyygtho,tjog5fqy,537,421,[536],450.0,0.0,1097
15537,dots,history,1,huyygtho,3gdy26bc,538,422,[537],450.0,0.0,1097
15538,dots,history,1,huyygtho,e01gvmet,539,423,[538],2000.0,0.0,1097
15539,dots,history,1,huyygtho,6fsh5861,540,424,[539],589.0,0.0,1097
15540,dots,history,1,huyygtho,njwk7t9l,541,425,[540],460.0,0.0,1097
15542,dots,history,1,huyygtho,5d0v5tx3,543,426,[541],562.0,0.0,1097
15545,dots,history,1,huyygtho,pwjjgwjv,546,427,[543],416.0,0.0,1097
15547,dots,history,1,huyygtho,dfz9km9x,548,428,[546],458.0,0.0,1097
15548,dots,history,1,huyygtho,k7snklbt,549,429,[548],602.0,0.0,1097
15549,dots,history,1,huyygtho,n1kutb6a,550,430,[549],200.0,0.0,1097
15551,dots,history,1,huyygtho,y966rnir,552,431,[550],350.0,0.0,1097
15552,dots,history,1,huyygtho,rjsmb5re,553,432,[552],900.0,0.0,1097
15555,dots,history,1,huyygtho,5prd7sc3,556,433,[553],2000.0,0.0,1097
15556,dots,history,1,huyygtho,jmc7umx6,557,434,[556],2000.0,0.0,1097
15557,dots,history,1,huyygtho,vs293tu1,558,435,[557],775.0,0.0,1097
15558,dots,history,1,huyygtho,m7txk82z,559,436,[558],775.0,0.0,1097
15560,dots,history,1,huyygtho,52uos8as,561,437,[559],821.0,0.0,1097
15561,dots,history,1,huyygtho,8hq75fks,562,438,[561],950.0,0.0,1097
15562,dots,history,1,huyygtho,gbekctvj,563,439,[562],830.0,0.0,1097
15563,dots,history,1,huyygtho,p1miyy8j,564,440,[563],3000.0,0.0,1097
15564,dots,history,1,huyygtho,97jzgk59,565,441,[564],987.0,0.0,1097
15565,dots,history,1,huyygtho,gu3draxf,566,442,[565],547.0,0.0,1097
15566,dots,history,1,huyygtho,98bwpd1r,567,443,[566],732.0,0.0,1097
15567,dots,history,1,huyygtho,kowxhjra,568,444,[567],820.0,0.0,1097
15568,dots,history,1,huyygtho,e9wfezja,569,445,[568],905.0,0.0,1097
15569,dots,history,1,huyygtho,5u9isyzv,570,446,[569],900.0,0.0,1097
15572,dots,history,1,huyygtho,96oo4y79,573,447,[570],3000.0,0.0,1097
15573,dots,history,1,huyygtho,888ygg2b,574,448,[573],1050.0,1.0,1097
15575,dots,history,1,huyygtho,r0elw72i,576,449,[574],150.0,0.0,1097
15576,dots,history,1,huyygtho,t7ol2xca,577,450,[576],486.0,0.0,1097
15577,dots,history,1,huyygtho,pk8xf6ij,578,451,[577],1562.0,0.0,1097
15579,dots,history,1,huyygtho,7dlx6s2r,580,452,[578],1268.0,0.0,1097
15580,dots,history,1,huyygtho,3li77dth,581,453,[580],5000.0,0.0,1097
15581,dots,history,1,huyygtho,1efi7r3m,582,454,[581],2150.0,0.0,1097
15583,dots,history,1,huyygtho,f7tqiyj3,584,455,[582],2000.0,0.0,1097
15585,dots,history,1,huyygtho,gjd2j956,586,456,[584],1250.0,0.0,1097
15586,dots,history,1,huyygtho,fwc7104s,587,457,[586],12502.0,0.0,1097
15588,dots,history,1,huyygtho,ngxogpnz,589,458,[587],225.0,0.0,1097
15590,dots,history,1,huyygtho,aem3ze3c,591,459,[589],301.0,0.0,1097
15591,dots,history,1,huyygtho,4mnptky0,592,460,[591],1005.0,1.0,1097
15592,dots,history,1,huyygtho,t9bye54f,593,461,[592],750.0,0.0,1097
